<?xml version="1.0" encoding="utf-8"?>

<scene version="0.5.0" >
	<integrator type="direct" />
	<sensor type="perspective" >
		<float name="fov" value="50" />
		<transform name="toWorld" >
			<lookat target="-2.4, 2.3, -2.75" origin="-1.6, 2.3, -2.75" up="0.0, 1.0, 0.0"/>
		</transform>
		<sampler type="independent" >
			<integer name="sampleCount" value="64" />
		</sampler>
		<film type="hdrfilm" >
			<integer name="width" value="512" />
			<integer name="height" value="512" />
			<boolean name="banner" value="false" />
		</film>
	</sensor>
	<bsdf type="diffuse" id="Picture" >
		<texture name="reflectance" type="bitmap" >
			<string name="filename" value="dodoco.exr" />
		</texture>
	</bsdf>
	<bsdf type="diffuse" id="Diffuse">
		<rgb name="reflectance" value="0.8, 0.8, 0.8"/>
	</bsdf>
	<bsdf type="diffuse" id="white">
		<rgb name="reflectance" value="0.8, 0.8, 0.8"/>
	</bsdf>
	<bsdf type="diffuse" id="PictureFrame">
		<rgb name="reflectance" value="0.258824, 0.207843, 0.145098"/>
	</bsdf>
	<bsdf type="diffuse" id="Light">
		<rgb name="reflectance" value="0, 0, 0"/>
	</bsdf>
	<shape type="obj" id="Spotlight1">
		<string name="filename" value="spotlight1.obj" />
		<transform name="toWorld">
			<translate x="-1.5" y="0.2" z="-0.3" />
		</transform>
		<ref id="Light" />
		<emitter type="area">
			<rgb name="radiance" value="21575, 15625, 21575" />
		</emitter>
	</shape>
	<shape type="obj" id="Spotlight2">
		<string name="filename" value="dim_light.obj" />
		<ref id="Light" />
		<emitter type="area">
			<rgb name="radiance" value="2 ,2, 1" />
		</emitter>
	</shape>

	<shape type="obj" id="Spotlight1_frame">
		<string name="filename" value="spotlight_frame.obj" />
		<transform name="toWorld">
			<translate x="-1.5" y="2.4" z="-2.8" />
		</transform>
		<ref id="Diffuse" />
	</shape>
	<shape type="obj" >
		<string name="filename" value="pict_plane.obj" />
		<transform name="toWorld" >
			<scale x="1.0" y="1.0" z="1.0"/>
		</transform>
		<boolean name="faceNormals" value="true" />
		<ref id="Picture" />
	</shape>
	<shape type="obj" >
		<string name="filename" value="pict_frame.obj" />
		<transform name="toWorld" >
			<scale x="1.0" y="1.0" z="1.0"/>
		</transform>
		<boolean name="faceNormals" value="true" />
		<ref id="PictureFrame" />
	</shape>
</scene>
